<?xml version="1.0" encoding="UTF-8"?><SyncDMMAXDOMAIN xmlns="http://www.ibm.com/maximo" xmlns:xsi="http://www.w3.org/2001/XMLSchema-instance" creationDateTime="2014-08-19T14:08:43+01:00" transLanguage="EN" baseLanguage="EN" messageID="1408453722690400035" maximoVersion="7 5 20130829-1209 V7510--1"><DMMAXDOMAINSet><MAXDOMAIN action="AddChange"><DESCRIPTION>Return Status Code</DESCRIPTION><DOMAINID>IRVRETSTATUSCODE</DOMAINID><DOMAINTYPE maxvalue="ALN">ALN</DOMAINTYPE><INTERNAL>0</INTERNAL><LENGTH>25</LENGTH><MAXDOMAINID>10960</MAXDOMAINID><MAXTYPE>ALN</MAXTYPE><NEVERCACHE></NEVERCACHE><SCALE>0</SCALE><ALNDOMAIN><ALNDOMAINID>6253</ALNDOMAINID><DESCRIPTION>Abandon</DESCRIPTION><ORGID></ORGID><PLUSPCUSTOMER></PLUSPCUSTOMER><SITEID></SITEID><VALUE>Abandon</VALUE><VALUEID>IRVRETSTATUSCODE|Abandon</VALUEID></ALNDOMAIN><ALNDOMAIN><ALNDOMAINID>6254</ALNDOMAINID><DESCRIPTION>Asset Missing</DESCRIPTION><ORGID></ORGID><PLUSPCUSTOMER></PLUSPCUSTOMER><SITEID></SITEID><VALUE>Asset Missing</VALUE><VALUEID>IRVRETSTATUSCODE|Asset Missing</VALUEID></ALNDOMAIN><ALNDOMAIN><ALNDOMAINID>6255</ALNDOMAINID><DESCRIPTION>Awaiting Material</DESCRIPTION><ORGID></ORGID><PLUSPCUSTOMER></PLUSPCUSTOMER><SITEID></SITEID><VALUE>Awaiting Material</VALUE><VALUEID>IRVRETSTATUSCODE|Awaiting Material</VALUEID></ALNDOMAIN><ALNDOMAIN><ALNDOMAINID>6256</ALNDOMAINID><DESCRIPTION>Further Work Required</DESCRIPTION><ORGID></ORGID><PLUSPCUSTOMER></PLUSPCUSTOMER><SITEID></SITEID><VALUE>Further Work Required</VALUE><VALUEID>IRVRETSTATUSCODE|Further Work Required</VALUEID></ALNDOMAIN><ALNDOMAIN><ALNDOMAINID>6257</ALNDOMAINID><DESCRIPTION>Landlord</DESCRIPTION><ORGID></ORGID><PLUSPCUSTOMER></PLUSPCUSTOMER><SITEID></SITEID><VALUE>Landlord</VALUE><VALUEID>IRVRETSTATUSCODE|Landlord</VALUEID></ALNDOMAIN><ALNDOMAIN><ALNDOMAINID>6573</ALNDOMAINID><DESCRIPTION>No Access</DESCRIPTION><ORGID></ORGID><PLUSPCUSTOMER></PLUSPCUSTOMER><SITEID></SITEID><VALUE>No Access</VALUE><VALUEID>IRVRETSTATUSCODE|No Access</VALUEID></ALNDOMAIN><ALNDOMAIN><ALNDOMAINID>6258</ALNDOMAINID><DESCRIPTION>Out Of Hours</DESCRIPTION><ORGID></ORGID><PLUSPCUSTOMER></PLUSPCUSTOMER><SITEID></SITEID><VALUE>Out Of Hours</VALUE><VALUEID>IRVRETSTATUSCODE|Out Of Hours</VALUEID></ALNDOMAIN><ALNDOMAIN><ALNDOMAINID>7676</ALNDOMAINID><DESCRIPTION>Quote Required</DESCRIPTION><ORGID></ORGID><PLUSPCUSTOMER></PLUSPCUSTOMER><SITEID></SITEID><VALUE>Quote Required</VALUE><VALUEID>IRVRETSTATUSCODE|Quote Required</VALUEID></ALNDOMAIN><ALNDOMAIN><ALNDOMAINID>7677</ALNDOMAINID><DESCRIPTION>Reassign to Me</DESCRIPTION><ORGID></ORGID><PLUSPCUSTOMER></PLUSPCUSTOMER><SITEID></SITEID><VALUE>Reassign to Me</VALUE><VALUEID>IRVRETSTATUSCODE|Reassign to Me</VALUEID></ALNDOMAIN><ALNDOMAIN><ALNDOMAINID>6261</ALNDOMAINID><DESCRIPTION>Recall</DESCRIPTION><ORGID></ORGID><PLUSPCUSTOMER></PLUSPCUSTOMER><SITEID></SITEID><VALUE>Recall</VALUE><VALUEID>IRVRETSTATUSCODE|Recall</VALUEID></ALNDOMAIN><ALNDOMAIN><ALNDOMAINID>7678</ALNDOMAINID><DESCRIPTION>Require Assistance</DESCRIPTION><ORGID></ORGID><PLUSPCUSTOMER></PLUSPCUSTOMER><SITEID></SITEID><VALUE>Require Assistance</VALUE><VALUEID>IRVRETSTATUSCODE|Require Assistance</VALUEID></ALNDOMAIN><ALNDOMAIN><ALNDOMAINID>6574</ALNDOMAINID><DESCRIPTION></DESCRIPTION><ORGID></ORGID><PLUSPCUSTOMER></PLUSPCUSTOMER><SITEID></SITEID><VALUE>Subcontractor Required</VALUE><VALUEID>IRVRETSTATUSCODE|Subcontractor Required</VALUEID></ALNDOMAIN><ALNDOMAIN><ALNDOMAINID>6263</ALNDOMAINID><DESCRIPTION>Wrong Skill</DESCRIPTION><ORGID></ORGID><PLUSPCUSTOMER></PLUSPCUSTOMER><SITEID></SITEID><VALUE>Wrong Skill</VALUE><VALUEID>IRVRETSTATUSCODE|Wrong Skill</VALUEID></ALNDOMAIN><MAXDOMVALCOND><CONDITIONNUM>IRV_HIDEFIEL</CONDITIONNUM><MAXDOMVALCONDID>403</MAXDOMVALCONDID><OBJECTNAME></OBJECTNAME><VALUEID>IRVRETSTATUSCODE|Quote Required</VALUEID></MAXDOMVALCOND><MAXDOMVALCOND><CONDITIONNUM>IRV_HIDEFIEL</CONDITIONNUM><MAXDOMVALCONDID>404</MAXDOMVALCONDID><OBJECTNAME></OBJECTNAME><VALUEID>IRVRETSTATUSCODE|Reassign to Me</VALUEID></MAXDOMVALCOND><MAXDOMVALCOND><CONDITIONNUM>IRV_HIDEFIEL</CONDITIONNUM><MAXDOMVALCONDID>405</MAXDOMVALCONDID><OBJECTNAME></OBJECTNAME><VALUEID>IRVRETSTATUSCODE|Require Assistance</VALUEID></MAXDOMVALCOND><MAXDOMVALCOND><CONDITIONNUM>IRV_HIDEFIEL</CONDITIONNUM><MAXDOMVALCONDID>502</MAXDOMVALCONDID><OBJECTNAME></OBJECTNAME><VALUEID>IRVRETSTATUSCODE|Further Work Required</VALUEID></MAXDOMVALCOND></MAXDOMAIN></DMMAXDOMAINSet></SyncDMMAXDOMAIN>